{"south": -27.00993076596039, "west": 29.983466279832427, "north": -10.46741030040448, "east": 40.49352250999941}